AI records with a kit found in committed captures: 56; with >=1 pool jutsu: 42
pool codes seen equipped: 50 of 82
never seen equipped: ['A2', 'A3', 'B02', 'B04', 'B06', 'B08', 'B12', 'B23', 'B24', 'B28', 'B29', 'B31', 'B35', 'EA02', 'EA03', 'EA04', 'EE01', 'EE02', 'EE03', 'EF01', 'EF02', 'EF03', 'EL01', 'EL02', 'EL03', 'EL04', 'EW01', 'EW02', 'EW03', 'S34', 'S36', 'S38']
B28 holders: []
QV1PwoQR9JImZL2_fcOsk	Chained Chorister	2026-09-14T16:20:42.026Z	tnr_results_1789402842027.json	kit=4	pool=B14,B22,S06
SJs7nn-cUwy-VtLt_vMwC	Faceless Blade	2026-09-01T03:59:58.666Z	tnr_results_1788235198666.json	kit=6	pool=B22,B26,B30,B34,S01,S31
2ZF5jMvECgiNBgrr4icqk	Faceless Shadow	2026-10-06T13:43:57.927Z	tnr_results_1791294237928.json	kit=5	pool=B21,B26,S03,S08,S33
rKWmoT0Ez1q4r8jEqprWP	Faceless Stray	2026-09-01T03:59:58.666Z	tnr_results_1788235198666.json	kit=5	pool=B09,B37,B38,EA01,S02
fPHbAdToPNequ4j99Cpxp	GENIN 01	2026-09-01T03:59:58.666Z	tnr_results_1788235198666.json	kit=3	pool=S02,S07,S41
3V_gdHYaclMB1gTyOPAbV	Ghostly Guardian	2026-10-01T03:53:56.405Z	tnr_results_1790826836406.json	kit=9	pool=B39
fDU9jCPZtH7YHbdQPO9RF	Ghostly Pirate King	2026-10-01T03:53:56.405Z	tnr_results_1790826836406.json	kit=11	pool=B07,B14,S31,S35
2-gJmijAA8lGns_thDRjz	Harvest Boar	2026-09-28T13:53:03.692Z	tnr_results_1790603583693.json	kit=3	pool=S27,S41,S42
aL1Gf1JmVaP8iWi2zHJoO	Herald of the Last Dusk	2026-09-14T16:20:42.026Z	tnr_results_1789402842027.json	kit=4	pool=B14,B19,S04,S06
IG5Mbfi_2lpUTnUU4_XhZ	Hollow Lantern	2026-09-19T18:31:54.085Z	tnr_results_1789842714086.json	kit=4	pool=B14,B19,S29,S43
b8PGgZl8zNNr6UdWH9dBv	Hollow Lantern Ascendant	2026-09-14T16:20:42.026Z	tnr_results_1789402842027.json	kit=4	pool=B14,B19,S29,S43
zBwc727cY8a8tggHngCRz	KGK Obelisk 	2026-09-01T03:59:58.666Z	tnr_results_1788235198666.json	kit=4	pool=A1,S39
gocAYWKP6NwO3YXFHfPV_	KGK Rogue	2026-09-01T03:59:58.666Z	tnr_results_1788235198666.json	kit=3	pool=S04,S39
Rm9ejZjCEvWZD0JG3Slmm	KX: Iron Aberration	2026-09-01T03:59:58.666Z	tnr_results_1788235198666.json	kit=5	pool=B03,B15,S04,S39
s6LjnqhSW85pIxYRM76Fw	Keeper of Hushed Hours	2026-09-14T16:20:42.026Z	tnr_results_1789402842027.json	kit=4	pool=B14,B21,S06,S27
n8EP0t5NN3zhzxXiDdZIY	Marauder	2026-09-11T11:01:54.979Z	tnr_results_1789124514980.json	kit=1	pool=S04
YvinZCoMWiz0RY8ZBP5EW	Nightveil Sentinel	2026-09-19T18:31:54.085Z	tnr_results_1789842714086.json	kit=4	pool=B14,B22,S04,S43
9yLEi0OoYxcIL0a2XYkWk	Nightveil Sentinel Ascendant	2026-09-14T16:20:42.026Z	tnr_results_1789402842027.json	kit=4	pool=B14,B22,S04,S43
g8l7lt-ua1ptrWvhqjrnl	Old Ghost	2026-10-06T13:43:57.927Z	tnr_results_1791294237928.json	kit=6	pool=B13,B15,B16,B18,B32,S35
yTHaQ_sdw-JW0C35W-Uo9	Pale Fang	2026-10-06T13:43:57.927Z	tnr_results_1791294237928.json	kit=5	pool=B05,B10,B27,B33,S04
QY69h271Nx9uHrBeR6jwW	Pirate King	2026-10-01T03:53:56.405Z	tnr_results_1790826836406.json	kit=5	pool=B14,B17
dKEz_VsgZjrfbtxt4ldo8	Road Bandit	2026-09-28T13:53:03.692Z	tnr_results_1790603583693.json	kit=3	pool=S27,S40,S41
i8oFdDcneF7YE-8VpQsu3	Sovereign Echo of the Godstorm	2026-09-14T16:20:42.026Z	tnr_results_1789402842027.json	kit=3	pool=B01,B14,B22
qQ6jMh8w6aiyr4pevwDh-	Starless Monk	2026-09-19T18:31:54.085Z	tnr_results_1789842714086.json	kit=4	pool=B14,B22,S04,S43
JU2BgfdcWsBYGeHUgHMi_	Starless Monk Ascendant	2026-09-14T16:20:42.026Z	tnr_results_1789402842027.json	kit=4	pool=B14,B22,S04,S43
pln436P8g2ocUBCHavcdb	The Candlewright	2026-09-14T16:20:42.026Z	tnr_results_1789402842027.json	kit=4	pool=B14,B21,S06,S29
psxanDcHJH0v_MDH5YhyH	The Endless Night	2026-09-14T16:20:42.026Z	tnr_results_1789402842027.json	kit=12	pool=B16,B21,S08,S31,S33
axTRSadaZbUepfT40-7cM	The Gloaming Judge	2026-09-14T16:20:42.026Z	tnr_results_1789402842027.json	kit=4	pool=B14,B22,S04,S06
iv9EJDlqM0Y-ec3jRBh4r	The Loomwright	2026-09-14T16:20:42.026Z	tnr_results_1789402842027.json	kit=4	pool=B14,B22,S06
jGHpkz2pgLu8loti6pZZi	The Moth Tyrant	2026-09-14T16:20:42.026Z	tnr_results_1789402842027.json	kit=4	pool=B14,B22,S06,S29
9QPcZ4AYdUUxidb-5kY-P	The Suture Priest	2026-09-14T16:20:42.026Z	tnr_results_1789402842027.json	kit=4	pool=B14,B22,S06,S29
0nqbnfLnX-2nQnxNMY4bb	The Twinned Reliquary	2026-09-14T16:20:42.026Z	tnr_results_1789402842027.json	kit=3	pool=B01,B14,B21
9uDe65Qt90xnT-fM5vJZ7	Umbral Reaver	2026-09-19T18:31:54.085Z	tnr_results_1789842714086.json	kit=6	pool=B14,B19,S02,S07,S43
k4qMHSTHHZBVsijP5FJ6E	Umbral Reaver Ascendant	2026-09-14T16:20:42.026Z	tnr_results_1789402842027.json	kit=6	pool=B14,B19,S02,S07,S43
JBTjl1mvOWRfTPX0Igj03	Unmarked Blade	2026-09-01T03:59:58.666Z	tnr_results_1788235198666.json	kit=5	pool=B38,S06,S28,S30,S43
I6bph15IwA0--iAwacxIn	Unmarked Shadow	2026-09-01T03:59:58.666Z	tnr_results_1788235198666.json	kit=5	pool=B19,B36,S08,S32,S44
bCTTWqMLn_clRjR21aB2N	Unmarked Stray	2026-09-01T03:59:58.666Z	tnr_results_1788235198666.json	kit=5	pool=B37,S02,S29,S39,S41
oi4bHe3upEhLkI-ElJuMX	Warden of the First Dark	2026-09-19T18:31:54.085Z	tnr_results_1789842714086.json	kit=4	pool=B14,B22,S04,S06
3XMsIV6Yv4jy-uaJAe52f	Warden of the Half Eclipse	2026-09-14T16:20:42.026Z	tnr_results_1789402842027.json	kit=4	pool=B14,B21,S04,S06
GYCvy2Otl6hWZ2uwDS7aX	Warden of the Severed Dawn	2026-09-14T16:20:42.026Z	tnr_results_1789402842027.json	kit=3	pool=B01,B14,B19
HEjtNpXmuU4ShrOOPg8XK	Widow of the Waning Moon	2026-09-14T16:20:42.026Z	tnr_results_1789402842027.json	kit=4	pool=B14,B22,S06
WxsmoaAoV0y8vqcWYw96y	Winter Crow	2026-10-06T13:43:57.927Z	tnr_results_1791294237928.json	kit=6	pool=B05,B11,B13,B20,B32,B33
